{"topology": [1, 8, 8, 1], "weight_matrices": [[[-4835.904995719581], [4467.379974873689], [-4683.770795787102], [-4729.2131731904965], [4691.275560359984], [-4823.193406009857], [4651.475945799276], [-4720.1204041708]], [[83.06945576512263, -79.73193569773626, 81.84733731718656, 81.69864774822558, -81.66531986197187, 83.08984425569648, -81.76994210630217, 82.03457002179127], [-85.03113404592135, 81.20715461537029, -83.90906769207817, -84.24712353819172, 83.47016234187689, -84.97032845898524, 82.99063667246313, -83.64986291700448], [72.08607364773117, -69.56951630171004, 70.70504046029387, 70.87211063359938, -70.52453384171574, 71.45190493461268, -70.72626202751694, 71.5804306791253], [-73.88020358039986, 71.45797720192694, -72.48545415890528, -72.71511302251517, 73.25579237624842, -73.84527979856598, 72.48343466362041, -73.35923718661465], [-79.91802486211742, 77.16699648116824, -78.55070313309596, -79.07863953558746, 78.87776834480765, -80.00449580205864, 77.89844916425575, -79.18340455532302], [80.27659853024389, -77.00458758602424, 79.20219661716152, 79.73519917554577, -78.87783260826477, 80.02868670499583, -78.97491565828679, 79.15296374233267], [74.90570394150951, -72.78623829291567, 74.36389385564465, 74.86883152041567, -74.59044164943884, 75.44923842747482, -74.4116901249851, 74.38964141600317], [73.37782504794384, -71.59140319496682, 72.39658096263676, 72.99281466449736, -72.66188105889087, 72.89391750394505, -72.28228125708482, 72.4029027386361]], [[-25.853873648150483, 26.17079828824875, -23.890103647070372, 24.249249261291986, 25.30616135868639, -25.37574132084049, -24.525794979981153, -24.171644112541983]]]}