{"topology": [1, 8, 8, 1], "weight_matrices": [[[-219.79751308768442], [143.5080242343665], [-187.318071370997], [-196.80094808788365], [189.34268512957533], [-217.24711978273237], [181.04029221866728], [-194.57631788883452]], [[17.415120809901946, -14.15315963866363, 16.213339627030496, 16.05822643063469, -16.046300497134887, 17.436932752660788, -16.157140615064474, 16.395637121090317], [-18.28976116664261, 14.543202701048312, -17.188567363419246, -17.520031206768127, 16.764935500692072, -18.230417250377304, 16.291788697831723, -16.924297338996798], [13.162955044733435, -10.710456786355797, 11.798950740698185, 11.960637990558682, -11.631607989364461, 12.529973590640974, -11.83855895663367, 12.670209496459869], [-13.726993257600352, 11.370945664538525, -12.349876493396161, -12.573962508917004, 13.133730829570927, -13.693299839065213, 12.366777483314419, -13.2193813789483], [-16.142469624587413, 13.463793031097346, -14.794559924123222, -15.316363737412294, 15.136104869236448, -16.230297957036864, 14.162725269866483, -15.422550909655323], [16.261964015254446, -13.062702439248303, 15.207092217515832, 15.733925040487694, -14.89725976426162, 16.015418013761227, -15.000317924715963, 15.153120216424162], [13.80509666312308, -11.753408819215016, 13.28138363650564, 13.780602354017327, -13.521686711192439, 14.349894661897698, -13.348479258720316, 13.302740220505976], [13.491239666480089, -11.770525730215786, 12.527495851484728, 13.11819833666539, -12.806228491957505, 13.008553029314648, -12.431993255438407, 12.529571637917002]], [[-12.047813822733335, 12.363109481740116, -10.096531445098009, 10.453002362313795, 11.50303101456876, -11.572296311124605, -10.727550317607198, -10.375755118164522]]]}