{"topology": [1, 8, 16, 16, 8, 1], "weight_matrices": [[[-0.008417193558678149], [-0.7446001072256458], [0.3716648635021293], [0.5353859293193131], [0.27914864985089505], [0.10982516052347863], [0.42997026430199725], [-0.45918411301464174]], [[-0.555756960878965, 0.4621165523715772, -0.40204553193477455, -0.24704279404856122, 0.41403742470018423, 0.16490338436302832, -0.04163327421704425, 0.11126331352936739], [-0.7164560128917025, 0.11171759813373247, 0.3136254439130102, 0.19703459804323192, -0.41956089761458426, -0.5304531417562091, -0.1513577579910798, -0.02275791120088802], [0.6041907612436578, -0.6271391929430973, 0.4266810077038531, -0.1322420940005079, -0.1535492026617068, 0.035245591884353625, -0.14417425157150165, -0.263829009359299], [-0.16936385135240242, -0.5745007298736909, 0.3395267805215028, 0.1605526198875663, 0.05412206553657193, -0.1829760917059292, 0.3484482307503997, 0.46270476808077793], [0.25516214932452574, -0.21434668713174823, 0.15917220206392318, 0.22626034973223544, 0.5533619796957716, 0.16725653507826002, 0.17491181858385801, -0.034035522479448924], [0.35639397718745086, 0.42434838005540443, -0.2827701551367061, -0.16907358505379844, 0.039333100508927465, 0.14586067816184442, 0.13172832989260225, -0.4550686599835084], [0.1867826923192216, 0.06812332279021138, 0.014059155061266038, -0.028441498122217274, 0.3099692128986605, 0.09640482728446402, 0.0768985849912461, 0.33230377066809186], [-0.11140925756077313, 0.12322534812226452, 0.13773574118042492, -0.3338611257625428, 0.21149099159535173, -0.6107842141300162, 0.5217516242912902, -0.16439874647952782], [-0.44207183085545176, -0.05146987644416162, -0.6955414121453244, -0.2306929778913281, -0.21888762007674367, -0.159994201788002, -0.4878044027405776, 0.2666387749023436], [-0.08054826466156086, -0.06429856224599248, -0.39913030580555875, 0.22104189146298736, -0.2218610161728124, 0.1851721656703011, -0.4739278617203371, 0.22172580835693895], [0.12654326507141117, -0.4324009714088301, 0.2765605194514369, 0.3859191008782644, -0.36477985400943036, 0.05501421540412239, 0.4048975952416941, -0.42784476570000585], [0.6337556828739366, -0.04994407029804648, -0.14835514407278277, 0.09473812168822797, 0.443627977488425, 0.04582770052408272, 0.15182627845928026, -0.1977011184203349], [-0.06291812119889242, 0.38571054810690003, 0.16897236567313956, -0.07690904891953021, -0.5924244497955691, 0.12941599200898998, -0.022721894131979614, -0.634316910816263], [-0.2358872602602184, -0.00985304107278856, 0.0994719570097151, -0.3021060968353315, -0.1353566076742626, -0.036145948720702065, -0.3624722700867688, 0.34285326669896204], [0.0681678677614533, -0.4318461817651782, -0.3336227703988275, -0.21944533798462873, -0.148114387610078, -0.05981644853175702, -0.08053278818475956, 0.29402831394690665], [-0.3709174785490098, -0.16778434042182547, 0.024524500585613077, -0.18362734967297217, -0.35396425540362847, -0.08646602934832742, 0.317200888536631, -0.5034066083830617]], [[-0.5077087877746285, -0.22583559532579348, -0.25086522550797663, -0.5623693030133867, 0.4310523592247849, 0.46360603999765804, -0.17142739176671748, -0.23393700923290606, -0.05783320927324885, -0.22729773840494566, 0.33651456662513146, 0.312561141616618, -0.29886078735107247, -0.3920855489166692, -0.392655989344346, -0.12068856603043228], [-0.04153214057571049, -0.46359349765991553, -0.36469259842467905, -0.5479735323647867, 0.04108938651162286, -0.2507286864908389, 0.02452849974479647, -0.3669844320653615, 0.3336822272796739, 0.09535041696957275, -0.4567790651317627, -0.30635893689072924, -0.4785046874014959, -0.16555330591397274, 0.3150349716947378, 0.1274043059904638], [-0.46532254432907094, -0.07888617024840258, -0.10774436858586603, 0.17205026296401443, -0.45909560139443273, 0.20791032706557508, -0.3842731471384399, 0.5723463934997102, 0.1239819555437613, -0.49146255484313756, -0.11182997249327209, -0.2342678909349856, -0.01915210336578413, -0.40672674430887923, -0.2386881298726476, 0.49158508981610627], [-0.08607986239294818, 0.507075014891224, 0.0010937907529722513, 0.3605500578358273, -0.08912079618831549, 0.1258905372273352, 0.17178602058116266, 0.17833227227268134, 0.7364379259480327, 0.15082648000503276, -0.19589960684073743, -0.22729445795341646, -0.29631604030500647, 0.3620200496872924, 0.4226869115787496, -0.257624066135997], [-0.15580902540436095, -0.028559871625362485, 0.0981021680758451, 0.18482136085759043, 0.45007099546996876, 0.4364325084888704, -0.3972472223443506, -0.31101612279585955, 0.06068641769454401, 0.33424663439557806, 0.6840939976241506, -0.017839007444902966, 0.1346328225543338, -0.3923693792519917, -0.3075975175967049, 0.2321666800035899], [0.3813845163955828, 0.2754787310383946, 0.7486007268189707, 0.5001709732020512, -0.2297457045927171, -0.14452929178943447, 0.3880287453115802, 0.2773625876470124, -0.3930607201577788, -0.06712391229833739, -0.0257707018979363, 0.29731905370793676, -0.2967819499631431, -0.47158979917726207, -0.1973295525215402, 0.12344539985746439], [0.3336626582305687, 0.6658447993259435, -0.4194937070777862, -0.5442591032213729, 0.1845628022005631, 0.13831549705645477, 0.4945057668241374, -0.05870125014196301, -0.2837216142996685, -0.166783822638386, -0.06859182372059144, 0.34396311071030805, 0.27993365745409193, -0.2175949333871972, -0.024026829278435705, 0.18352366778861565], [0.05215431223952344, 0.39547212487655103, 0.0042036592776006215, 0.39967496842941763, 0.21692652113631894, -0.03862956214255213, 0.368352828460052, -0.49522179306095526, -0.028393163158101795, -0.2767521531702844, 0.27132458570494367, 0.5122236037808462, -0.4591322881483315, 0.3098066883870647, 0.11350782703071248, 0.35522883200777444], [-0.27256601702296473, 0.6095128271526965, -0.5601044969785522, -0.12720039821967685, 0.19485803632027815, 0.47863817064256325, -0.2610199009087144, -0.17463841236027733, 0.29139091570780296, 0.10935853621301173, 0.13247826104302698, -0.003918746184746268, -0.005212023746211408, 0.05123546552400457, -0.10799166864781548, -0.05221680017047428], [0.026195685906473358, -0.06485786834901147, 0.07750362980099468, 0.4411929280882101, 0.1885312853906569, 0.2840225656115317, 0.10322544514047538, -0.4209838819038729, 0.24439222258333598, -0.4823180084608817, -0.10738671852733134, 0.03201764764278919, 0.2721581882239909, 0.16228597598781008, 0.38246359864497637, 0.5793653652326878], [0.14125206893064549, -0.2364709133556391, -0.1115954871489254, -0.24347895434799022, 0.13562291183012365, 0.2745314844200152, 0.2424104115144391, 0.16610524106454289, 0.3804601167708227, -0.19921504260801765, 0.11420126455624588, -0.47865082638731926, -0.03458742309685209, 0.06453781660432928, -0.2725722857564573, 0.1233154252197377], [-0.1310898018006745, -0.04120718199810336, 0.2446115946401567, 0.10007078766936776, -0.09395971218837049, 0.44456047733828663, 0.2966752124297935, -0.6051472844490495, -0.3678838742467405, 0.07324581873614892, 0.10302346721166596, 0.5679688335090349, -0.1053090695144373, -0.0036684266703545104, 0.11314304015776029, -0.10965445472535401], [0.06545502057884083, -0.4412755435580118, 0.004680134693032224, 0.05215089140380122, 0.3027112858133467, 0.2629795375377453, 0.10090059871416956, 0.5177370580779203, -0.42011230625401824, -0.4332038009555655, -0.007459143550102694, 0.10690955898039257, 0.2828032745312975, 0.9023667920890882, 0.6585021502963551, 0.36093390785310364], [-0.3088883496355987, -0.01206575258268381, 0.35495991321986364, 0.20765488223071696, 0.4392882708814395, -0.27108609283414475, 0.24124184789862008, 0.15929385252702413, -0.23251689406994436, 0.1091360301803525, -0.41436361117070264, 0.33891141269861297, -0.15899625227507638, 0.45655749514278393, 0.10623581642835454, 0.0043979010933342805], [-0.0314433532490697, -0.1873896485890058, 0.23163386715781825, 0.4505434028333649, 0.10908178759644638, -0.027478660888278328, 0.43891277499146264, 0.35010960359306253, -0.18317916666589426, 0.16159677902968242, -0.31049336051744325, -0.472626977186573, 