{"topology": [1, 8, 16, 16, 8, 1], "weight_matrices": [[[0.3542177636728209], [0.5357529667224261], [0.09027284626617878], [-0.3131514871407878], [0.5441601123866521], [-0.18434887763176808], [-0.15446398405413586], [0.18901610712633732]], [[0.6722807912799682, -0.06072782194026645, 0.46934547750156036, 0.28170244383630805, 0.3907027575482528, 0.3628089681080614, 0.19115793507580484, 0.04628798361044717], [0.26844666470642675, 0.24383105494015073, -0.26404244660876847, -0.3417271503675592, -0.06683137317323848, 0.034277557202325226, 0.32524009692816586, -0.0993360398446885], [-0.46194083202914993, -0.039636569009183026, -0.014662733736982736, -0.0036445309456814845, -0.30769474327887025, 0.25156295787027316, 0.41179814759806627, -0.47347502390457663], [-0.0036217846840916265, 0.4428916136758445, -0.0019332235487364569, 0.3617553517480337, -0.2958715906630878, -0.44583585729866543, 0.28952776875062775, 0.12142859862653359], [-0.4293504862847769, 0.216780284685315, -0.17807631398154594, -0.13092835914596196, -0.24620301033761388, 0.15127557427655203, -0.10553640453697119, -0.18180277321075958], [0.06985779497980919, 0.13852718186895832, -0.560950352100039, -0.01682590309825084, -0.21343889011556513, 0.36068211103018, 0.4359462709835206, 0.12154297380962159], [-0.34703058232090006, -0.3176682795872549, -0.3555334221238859, -0.5282297183986033, 0.34608628118900864, -0.527446028022166, -0.15540671824524335, -0.23497671812049298], [0.08471724321387761, -0.2601387104173498, 0.2349235065254822, 0.2931062070433296, -0.31313455465273754, 0.06549654913071422, -0.3784717466820495, -0.1386703854950438], [-0.48299368706071644, -0.1579297051552327, -0.2225871585375923, -0.266539269408097, -0.0017715941834138549, -0.021366836991152632, 0.43981456308421046, -0.20159887139091134], [-0.0229515562742878, -0.3560099473147196, -0.09915241266908448, 0.1415966384305271, -0.06365833826916988, 0.46528427547593965, -0.3595690166640204, 0.09745542338060656], [-0.5267769705889873, 0.023718018299335855, 0.38657660687863243, 0.4481885424851979, 0.4166603659768648, 0.07704019404050236, 0.5005558821871838, -0.050155579793359384], [-0.3091199380181401, 0.20067062581763934, -0.36099619226768476, 0.07337026005592415, 0.07918754061717086, 0.34276227607465615, 0.06104150335424491, -0.10065505426228813], [-0.018781546486269576, -0.018695196558494748, 0.10250465069599, -0.3330687049212105, 0.6125739051211081, -0.2625433917975668, 0.1483392098291625, -0.23886078217721995], [-0.408817949256756, 0.14784176557538067, 0.0727482832313505, -0.19641566683891545, 0.214266220971321, 0.36619305194876706, -0.4671798432390305, 0.47257152995736107], [0.3267784553394833, -0.24057898022586013, 0.14432405418840366, -0.2299068783604451, 0.15450547278327603, -0.1076352212363807, -0.13828055227995567, -0.03292570772771221], [0.11217481231771714, 0.16499597255958465, 0.17524953852427128, 0.14283773816885456, 0.06935332538797641, 0.1001849732034452, -0.2570697465367816, -0.23125206675460425]], [[-0.3398195922730473, -0.30952480216081024, -0.1701221227725926, 0.25830212150606807, -0.5087134954500376, 0.2002459638637622, 0.22846497629177928, -0.5478948584003906, -0.01606269461446149, -0.12874020487297172, -0.2253465946379728, -0.18108967129628423, -0.0373228108063889, -0.5178328698206656, -0.4773806934074223, 0.0787287346843727], [-0.26487416759386684, 0.17461381178120894, 0.09731301654709594, -0.5131462716397928, -0.5466111773653075, 0.048712222730383156, -0.057303045565966715, 0.21382384836011245, -0.2947784425993375, -0.11226092853685964, -0.12176884347250067, 0.025740633772968965, 0.09051135207143352, -0.14096095634751193, -0.043462710534095395, -0.006423709433142688], [-0.01881923443494332, 0.12817616074660987, -0.08359563651985569, -0.08760023025602057, 0.08232493559793838, 0.33930418889390246, -0.2456141764022265, -0.01196060867473811, -0.08758073934039254, -0.3381609001089323, -0.39076998945355507, -0.25230704254607605, -0.1742242212100371, -0.0032204406156443183, 0.12953535076783304, 0.3419479043547659], [0.10073010290843236, 0.2817840344696229, -0.15766796811706968, -0.21603250461233553, -0.18685506168894844, 0.3085788599608454, -0.5222154957756804, 0.4756209402122271, -0.1606297269497028, -0.08601125771981262, 0.16266408614620376, -0.43625775770872244, 0.16365044038104645, -0.21667371478649816, 0.13944303090336896, -0.059172210114678714], [-0.09198821481523932, -0.08772633962378626, -0.2903692875800653, 0.4650116056360315, 0.32327054999330246, 0.6130349228260094, -0.20907880922567798, -0.3537564563039246, -0.1486807769571183, -0.2914076149080859, 0.3830716599220284, 0.32082827172299894, 0.4826581074219187, -0.17815416863566566, 0.20895202706339377, 0.04271366749677834], [0.37629442849739037, -0.10349674943526768, 0.2848770392911134, 0.478273695794349, 0.30887179049292285, 0.16427874004270965, 0.38969034148755316, 0.4044881950562418, 0.20582721624998324, -0.3560672128537754, 0.10367066219449902, 0.4002596403870627, -0.030324345397336028, -0.036627195810559704, -0.30691239481555627, -0.47253547155000575], [-0.16932030303808576, -0.22276246713993875, -0.36660183526828316, 0.14185767315759767, -0.5159172367633541, 0.265665996075479, -0.1948078627934506, -0.5035928536799511, -0.4731013735703132, -0.3655423107153382, -0.22506451179408443, 0.4712322623743665, 0.03608694418689935, 0.2735583589259607, 0.4113802924903207, 0.35500156901341384], [-0.3381317050216474, 0.3793713919885445, 0.25242800397870624, -0.4185989585728043, -0.005984574679005761, 0.35205895840314383, 0.2976866152857589, 0.03551954176940009, 0.45521167401327256, -0.32801202861189355, 0.4955393182130095, -0.05465023750247831, -0.0128245720702886, -0.31566835835193313, 0.16682601219113072, 0.5136484520730648], [0.04913504274672678, 0.43745360772019526, -0.6072931537450224, 0.28320282264789826, -0.441173211571999, 0.24055028310212265, 0.4744270322225931, -0.1688217646728591, -0.39709590963867303, -0.2801707432245954, 0.4240495075632714, 0.2878563242180898, -0.08726548244965895, 0.22090994394841146, 0.16458274198814882, 0.38223464479892555], [0.16207662590934932, 0.40219863936981104, 0.1562610377295783, 0.1830521939866723, -0.43344418182309746, -0.1040125165587311, 0.29524097759982576, -0.3940251288810331, 0.07686136580292306, 0.18309252009633212, -0.07902492566359735, -0.32973715445977925, 0.04734915035875625, 0.09291379520178983, 0.20338556781853329, 0.19150190993093913], [-0.5141097402774528, 0.20808243765431406, 0.2505492090293846, 0.21553187667176738, -0.38626555009764185, -0.15646493023354363, 0.06583197353858028, -0.29963789488658155, 0.3742583909748547, 0.2474523197089074, -0.07616795865737556, -0.028724000472142977, 0.2638286698792133, 0.09474726631289976, 0.18422360773534052, -0.26893610120855516], [-0.14606800429318734, -0.23818589738222964, -0.28396146548822665, -0.4973260149338468, 0.3930375618449974, -0.3232906503586558, -0.13151433792436834, 0.4206595905112043, 0.19024669212202847, 0.10764550095612341, 0.36515628151724067, 0.22787261984048457, 0.48848157183446406, -0.5445210239140068, 0.19947359993746053, -0.2471527161197497], [0.34788897076601544, 0.24294570628426804, -0.3191124390800847, -0.475554563105479, 0.14317061515726925, -0.2959712755388344, -0.31694238949508735, -0.5124642781744385, -0.43594149708327107, 0.0791809460280147, 0.3983791484096791, 0.29557585048848656, 0.2027585762164843, -0.3695576230441644, -0.18846468033833452, -0.40841102136830193], [-0.25562535403646813, 0.22255928602465475, -0.3204808358863028, 0.17251576231144922, 0.2589708544076757, -0.35298107262585393, -0.4610816685933855, 0.5221434383494586, -0.2655014764933743, -0.21678289652868835, 0.20804388804225235, 0.09945691211634566, -0.06540483145753684, 0.26338931797546805, 0.41956035789295465, 0.10332162225206873], [-0.3523681691708174, 0.21624859867540758, 0.38582980634140707, -0.06220907286975852, -0.4008768113721272, -0.6409926031399591, -0.13292797870921702, 0.6064314340520822, 0.14947598139112417, -0.37545068010249755, -0.40104924245699536, 