{"topology": [1, 8, 16, 16, 8, 1], "weight_matrices": [[[-0.33439424851694655], [0.11890432537342382], [0.2177446875160607], [0.7331160422829034], [0.8395084469435297], [0.634069740811579], [0.34396562627095745], [0.31398256512737466]], [[-0.551506215948697, -0.48226053235157196, -0.42686190772519284, 0.1685786419812101, -0.277847462814929, 0.8511994195807737, -0.8526795350357996, -0.34692590889717706], [-0.9948223275177609, 0.08043431308312798, -0.3768676597409294, 0.05123611057239985, 0.29952124766656507, -0.9783867099403902, 0.8443579315896877, -0.0738441132699143], [0.7058389150903572, 1.3321825726716254, 0.2692834587702204, -0.037612850796977404, 0.7829070957740598, -0.6218034097093403, -0.08443536988367589, 0.3597736017845202], [0.036390717706025755, -0.48547368936170954, 0.37703098242520194, -1.1194241428192133, 0.06116382717686292, -0.23050586554147584, 0.19107032891971024, -0.48835290995623976], [0.612362687717477, -0.9421174386192042, 0.8899336186036761, -0.6393272952142979, -0.5937231894513159, -0.0664668574204218, 0.319160054220549, 0.2988336095860055], [0.9907709199767311, -0.07170754169643222, 0.5029396781302199, 0.5982665494223605, 0.4745480690041348, 0.0801781796698735, 0.7288877848170503, -1.0433423453333717], [-0.4854537358241642, 0.610638725202002, -0.2726117566344568, -0.6996045526621519, -0.6916798201320795, 1.2561848986299675, -0.05584379139485113, 0.16757237304396372], [-0.39110401753466767, 0.5266645117650457, 0.7047073024341406, 0.15536194237097167, 1.2668854985057085, -0.386694255067921, 0.9553102843755501, 0.9106860604010242], [1.5299334855510152, -0.5065918073804748, -0.7202424178266753, -0.5155725834959775, 0.7433709345108022, -0.8307999623747713, 0.06574431571065076, 0.4866252356815441], [-0.8672927310709473, 0.5130598753520674, 0.3290439066376186, 0.2189544715730935, -0.49822029187822653, 0.17683510802243646, -0.6494560988363687, -0.004511910009451059], [-0.3279227356013189, -0.16670896036637586, 0.9126733483667393, 1.203243284845559, 0.11252565893540356, -0.1197117781564338, -0.11224281444762385, 0.0253279609279764], [-0.2910088296587677, -1.5838870013279667, -0.1565990952423344, -0.047855770048190804, -0.3913738153435389, -0.38394747519880834, -0.4666002257892383, -0.6613477982488155], [1.2341345407769286, 0.2107110633444531, 0.8980124807750605, -0.33236483280677853, 0.40228401798654634, 0.9123832268595191, -0.277681189341899, 0.01042435375779932], [-0.6871212436325296, -0.7720781585844557, -0.1972497621570357, 0.2970279954144368, 0.9959266709036797, 0.9300093074841221, -0.39728283410484866, -0.4356964872632366], [-0.3971359558337996, -0.27687057433063866, -0.2322328525546572, 0.4111490441614153, -0.4457470589257897, -0.35031815018448387, -0.4269214078908569, -0.03875068010005517], [-0.7792904049993228, 0.3159454968274017, -0.7707560577460443, 0.9484046906801478, -0.06214487379783634, -0.38858784685220116, 0.7024744896193166, 0.42209284495607635]], [[-1.082134767351513, 0.297100375786844, -0.043650194723257485, -0.4295953425750912, 0.20983225973937258, 0.42801586844012196, 0.20810266493463514, -0.7462310007337818, -0.2606315393251645, -0.49763154456645714, 0.8927249306484826, -1.450491099751087, -0.37706002164624347, 0.17070382313706006, 0.348628296122252, 0.7786998960042545], [-0.9167427577241266, 0.34658223501318897, -1.6160224675536399, 0.5231773044963737, -0.5966479907239368, -0.2041757886857371, 0.11242626061833938, 0.8074717457159714, -0.0930654921596128, -0.2765390716081439, 0.22637487192931272, 0.2636074858355111, 0.12783703441466687, -0.09484692418192298, -0.7368993260510549, -0.5832915524647313], [0.8672592636811249, -0.41080140207215304, 0.7557257349982769, 0.40568852650621223, -0.4407150878963028, 0.017572382714749396, 0.26005676233882635, 0.20709608258005313, -0.4087632165837098, 0.18766131788439538, 0.34186575426452726, -0.40114736999378786, 0.045024879506287974, -0.13500846625713492, -1.041807175456116, 0.35253293670391206], [-0.3524052485341668, 0.7425563917835685, -0.4413589209823376, 0.8262145687223412, -0.09191330205602288, -0.03898598693127453, 0.49865690028660614, -0.3929054507803754, -1.0212205232715998, 0.7740337859796935, 1.1375494576771918, -1.6669972823608836, -0.4743966384256282, -0.5400585234490347, 0.2876305429344189, -0.07086154691734692], [-0.4343535959334649, -0.9458500615104577, 0.3233133123950124, -1.1381162288481474, -0.588634129340073, -0.28107715379875065, -0.4773003602903149, 1.199243488789413, -0.9747983168891146, 0.28127996904824537, -0.040941695267703304, 0.02744811832434757, -0.6021981920099189, -0.3075249863453622, -0.6155683841620325, 0.8308531233739187], [-1.3769991935312835, -0.25232224057562513, -0.701119423494373, -0.9710595614883542, 0.03516332591252824, -0.2249779655864976, -0.7040537077299474, -0.25171575470693475, -0.439343187827347, -0.15435323414169289, -0.5627565187213727, -0.5720565810061051, -0.06396486342631941, 0.2820677578890831, -1.0515118771795047, -0.026542864348377396], [-0.012366294271809963, 0.7856389611121555, -0.6380614907160369, -1.016467988717696, 1.3040499533995678, 0.15993962978427678, -0.13631403770073103, -0.5813018501197446, 0.44754155657384564, 0.19313938514887596, 1.4244852025643613, -0.04511431336084776, -0.22280002274466537, -0.26021143153805515, -0.4063228749672664, 0.48787583587757766], [0.10636535876175357, -0.6130945543442459, 1.4315416803232965, -0.14177525669092333, 0.07661581886080776, 0.020967974121574168, -0.03024296875205193, 0.02403728900210983, -0.010904064687000115, -0.056051194177850316, -0.02878387701791446, 1.3856003316458616, 0.42031317914860045, 1.4788160694964851, -0.14988498532577876, 0.2653770573715204], [-0.2552912101879658, -0.5035068874116748, 0.4095160819201973, -1.0073661434344292, -0.20936889440028356, 0.1944882266109681, -0.16293338006116498, 0.14250330288899238, 0.6576582590764222, -0.3361473142770246, -1.3671386259127858, 0.3466694981719065, -0.440688881499939, 0.06856832130296983, -1.336693535659474, 0.19431180107276264], [0.35584748999506993, -0.40983367027246265, 1.3453342917887077, 1.0445964204052869, 0.36806900248906615, -0.12766928860273624, 1.0856462527221047, 0.3816982435892641, 0.4964773469362177, 0.0837832485926629, 0.3137465737986075, -1.0959662275191242, -0.12268822042068883, 0.7390523119532983, 0.3973875822341792, 0.29095990495740437], [-0.9135785232448671, 0.35718816890373606, 0.5070569646929736, 0.5982794101332717, 0.25057870228057244, 0.3958716488431805, -0.47527551690125525, -1.6919714511411352, 0.7062109877821007, 0.3641483066619676, 0.8678039915715979, -0.6651684689893749, 1.6025037551202663, 1.2096612776487072, 0.3546400067922581, 0.20933314928954444], [0.05679398952857129, 0.17170719589665667, -0.8471660310416907, -0.5001567964463216, 0.7489911136816756, 0.1224097792017067, -1.2640125319652848, -0.08625140482702698, 0.800905785970758, 0.17332175144273476, 1.0424384568090084, 1.113011150264235, -0.41220996757449124, 0.9736457678531029, -0.8465834665485944, -1.1142041416465243], [0.8034837029578922, -0.7197232917114628, -0.19726741192264907, 0.2635588376015247, -1.1508570631808963, -0.310042807672549, 0.26410378396120815, 0.455512747085111, -0.3134256398976582, -0.27368582040683986, 0.26231711477683695, 0.4896533539599256, 0.16501606123598273, -0.06984058273185811, -0.7770259637900485, 0.261890938521053], [0.629790588465203, -0.40934743053388895, 0.11778304676164142, -0.5158265682623662, 0.6379260920480841, 0.11348273784890328, -0.5378586069804135, 0.08141345033801661, -0.20856887330853302, 0.09566098496189701, -0.7864027600388457, 0.031358028493089884, 0.17132647827717845, 0.32871742636913787, -0.13726971755375003, 1.2493666536170245], [0.3448126387681614, -0.6507005271089485, -0.3480381376802627, -0.9094996053804285, 0.8281211515515293, -0.09758848105836927, -0.5758642478955737, -0.07020612991338482, 0.5474052827994802, 0.09713894524644179, -0.9909467843613282, 0.21713485091900192, 0.3933815177062237, -0.22369914192826532, 0.8574751325335115, 0.17991735060350778], [0.5298016234759628, 