{"topology": [1, 16, 32, 1], "weight_matrices": [[[-0.2323676832589251], [0.2883404055538794], [-0.43064062498996936], [0.0850031645045658], [0.13221659019021947], [0.28094335579007645], [-0.3367321112785301], [-0.3336401981062241], [-0.28696224201951426], [0.3754389459189458], [-0.3832520344193841], [0.31809597449269833], [-0.4928208396125663], [0.39133886177155475], [0.07036504752317563], [0.3967707631103423]], [[-0.3027876396648872, 0.4596697389246238, -0.24602978026812677, 0.20336020375437702, 0.07272897617044316, 0.267231122666861, 0.3802364792028492, -0.38603603741323855, -0.36784015464331643, -0.11607586363341443, -0.3238258518229905, -0.19821156027102477, 0.22757961320094355, 0.1681261170280295, 0.029541826295071405, 0.4829062106170684], [-0.37530088422352637, -0.1460797728579778, -0.3460277738941968, 0.44615439975296856, 0.07594588470271602, -0.346909766143307, -0.4337241335570946, -0.4656039815844742, 0.1431086849401687, 0.28718172297209155, 0.4894757660712562, 0.35265161918752186, 0.3628659915035538, -0.018408273394145913, 0.1764846657076813, 0.24263568401510072], [-0.21361607722799286, -0.041319387410149955, 0.3312840905222847, 0.41003671427317, 0.2428012996400155, -0.4120496629039939, -0.2192895198196262, -0.18848420575025987, -0.4387255286025272, 0.49280702834247725, 0.06291098644496396, -0.2856256823367348, 0.4254952314644095, 0.12032597657363797, -0.34283920267173995, 0.11471147176478091], [-0.292088666348846, 0.24546413265668499, 0.08856282880633803, -0.18717285190819039, -0.031759947062845295, 0.045329863413789084, -0.39747442084068146, 0.11828639803666141, -0.44179922776687996, 0.3712279181869076, 0.19556731851847375, 0.10630411535058282, 0.053546925270094636, 0.3453029724807195, 0.4711574216729517, 0.34227677781190935], [0.34384432675968557, -0.490690126425184, 0.4704716596249021, -0.0741593123944258, 0.4317105668843777, 0.32482066221074635, -0.382920874417433, -0.48169051562150195, -0.004821781859545571, 0.46472630055269515, 0.08979397567678438, -0.08810740994375843, -0.24265428007742557, -0.08266265282313079, 0.07070396880075114, -0.12064906348881455], [-0.2621720280568949, -0.5007222685648599, -0.45576144590898554, -0.025611545221966348, 0.22917969318602116, -0.23932717166203638, 0.3494941870146163, 0.20607694920723452, 0.0947811779470017, -0.02792829932142782, -0.5007090633667626, -0.21295463393915604, 0.4476637646353542, -0.44520575073553087, 0.1330720233857614, -0.15192634876253824], [-0.3731267828674937, -0.18193875347651417, -0.26486117452237035, -0.06124232950685299, -0.09556014814382668, 0.4675118334188674, 0.22448901095371365, 0.20455407585812724, -0.2084620056195267, 0.02913157922716092, -0.13982521312269508, 0.1007910606500112, 0.16870162059109772, -0.42328320669653696, 0.39996340252122686, 0.4412365115336382], [-0.4614745346221577, 0.488040485072776, 0.08388314368307659, -0.1641333279868915, -0.32048408298939396, 0.2945907236806481, 0.07430594987019645, -0.09289751055927808, -0.30527302931483624, -0.24448044810690078, -0.3339180052243861, 0.1556001310313706, 0.16424059899366028, 0.3476222327506874, 0.33007811822922306, 0.2629251525094829], [0.1240614532390778, 0.2091173157615802, -0.2746906651651789, 0.49974526983170076, 0.4278142922350959, 0.39982048996846953, -0.24429394273615662, 0.019942678554517368, -0.04889402197904591, 0.1353940935995499, -0.3077646167371133, -0.02213211089557615, -0.347032584377991, 0.10346541535953302, -0.2859874079587845, 0.22841294400231682], [0.0326303038577791, -0.17703444738718294, -0.1847615540893371, -0.3163657562655052, -0.3173229055379839, 0.41663710402954046, -0.39903670649346584, -0.35357173328000213, 0.47832032323964424, 0.3923889659418659, 0.30442699089511915, 0.43409412472001596, 0.4085291998661703, 0.4017130643486585, -0.12045435157060208, 0.4364481553738859], [0.16955169537882253, -0.06669435692792675, 0.4791220399200754, -0.17157401874710437, -0.2957306494314521, -0.21617154443376757, -0.11619905762410043, 0.47985487361625, -0.2444368974518299, 0.36432236522054073, 0.2258117551212182, 0.08258496735061205, 0.16053553967872247, -0.28518785050406337, -0.39025249833083797, 0.12203374378679066], [-0.2053732085819256, 0.15685616258663326, -0.27372780821115883, 0.06796028655583664, -0.19794584305828666, -0.09436417207309739, 0.06720102095962954, 0.2102644062293313, 0.45101523701960955, 0.34052278260804036, 0.11497611198609836, 0.04592374972600588, 0.4779485798530695, 0.333144180665501, 0.3779156509334557, 0.39024292176963393], [0.007206279808857019, -0.07212767812666038, -0.0005635511580085462, -0.014498129819113414, 0.43516229218650004, 0.2726287225305425, 0.29405703817468465, -0.36514874297987876, 0.1275937681763053, 0.05886445513031724, 0.3830795656013726, -0.14595759299644334, -0.2840914515529648, -0.03775827564222667, -0.2614436966184556, -0.05541342956590062], [0.08510424967598196, 0.46215237241267193, -0.2497608938696373, 0.23730241334580848, -0.4793229591625931, 0.007239453875525381, -0.2440080141151461, 0.10067691991983263, 0.4133346344237282, -0.1076444068043928, -0.4186774201694395, 0.376939007090051, -0.3166767666097652, 0.07418983259221068, -0.23628269419009396, -0.08536362829115701], [0.09008589916887477, -0.2188869996224238, -0.2792202152953589, -0.2067552198481784, -0.3339149055009916, 0.1575102937300371, -0.2578347475691439, -0.18319372574524223, -0.4367333930484905, -0.197320622519301, 0.017614516591517915, 0.16986330379237013, 0.27743352668678256, 0.31961458121690456, -0.3788294590644423, 0.16043471266650633], [0.15016753031592622, 0.4917309113734174, -0.04299402603617386, -0.3144740481139777, 0.4746320108487295, -0.055936753152508234, -0.2846682553677713, -0.3752507952615389, -0.2610459539389737, -0.14245329214049995, -0.3632891502011496, 0.4840977907287881, -0.2110409608206068, 0.17737269878700823, -0.4055355756776504, 0.2153314503604853], [0.029391522200367004, -0.46965575105142365, 0.44413937005553006, -0.11776305446882557, -0.07680437258266709, -0.14636971392043513, -0.053219933044301615, 0.37859909084236676, -0.41877109731284046, 0.2884138681128722, -0.3012313109979803, -0.12319038248841385, -0.196328028885564, 0.03157685591152393, 0.16848634169129473, -0.49974720752577734], [-0.4526141407753946, 0.30355732414543035, 0.3435870506763381, -0.3903662982942251, 0.13599655607041483, -0.42325611582261596, 0.4782690783082948, 0.18784257512707803, 0.35719232941592893, 0.21563961596492098, -0.3050149826312364, -0.4929848718833842, 0.36079218553245707, 0.12162486796389482, 0.09316846164408965, -0.10043107574557453], [-0.04178066105922368, -0.15538626058422605, 0.0404042611118931, 0.4980594146112167, -0.12146193157344187, -0.10075968559193427, 0.4966252409494356, 0.4456044277990996, 0.1548057965217412, 0.004071459760940477, 0.13876718046908398, 0.30298638290953483, 0.14552669526847528, 0.09268340578405387, -0.48908219751863535, -0.35622585915987415], [0.025271604492778876, 0.47507555736797014, -0.11874034507275466, -0.021575941254391995, -0.029462257770400013, 0.4912478215976317, 0.14953483834933634, 0.43372716749742946, 0.3645399206147345, 0.148685135282993, -0.32021494334484124, -0.3685378657704694, 0.20456351692393238, -0.21111284038870237, 0.3045571018400004, 0.09800119962848397], [0.3671411736774811, 0.38067216622251054, 0.32070914180831045, 0.12259254394526475, 0.4310563610723802, 0.16334510412016034, -0.22881099421763218, 0.23299103400416055, 0.45418520904627224, 0.15914667215962197, 0.22109316737254536, 0.3178665330087992, 0.2850024642014932, 0.31911484056476247, 0.16420783283869256, 0.2213270885730545], [0.38832554217720494, -0.13667640590088193, -0.4012583619786882, 0.4265776784223748, -0.03189688549223968, 0.369884517849834, 0.06270555738730854, -0.02703975260224567, 0.33572043089783965, -0.3015123136093608, -0.3291254783245732, 0.0013247429841937164, 0.3353937618136881, -0.14388894878484892, -0.240371717969718, -0.05976224219000564], [0.2384669930111818, -0.00920169334559029, -0.2558854017034049, -0.32235211374864625, -0.3619272596759444, 