{"topology": [1, 8, 16, 16, 8, 1], "weight_matrices": [[[-0.5575566711668425], [-0.5010709951735487], [-0.4831065601094923], [0.3835972599677322], [0.44734631465526264], [-0.17319144777980042], [-0.5771258711483663], [0.6915341855642998]], [[-0.22894769169096751, -0.09799177116199315, -0.5997238115950257, 0.41706087868500413, 0.4360931590266416, 0.38263202376871785, -0.441089010009308, -0.6388578920833693], [0.05026111765522673, 0.4510044580433639, -0.5269147669397425, -0.2401400056594585, 0.28935596751305803, -0.1520065078466944, 0.3358546816084195, -0.2382827528820392], [-0.720159206640598, -0.12013548178487668, 0.23349102927469453, 0.7447578140738745, 0.314457172376407, 0.4521470952193236, -0.1546950164213876, 0.46322094088284305], [-0.6707263153817151, -0.4550339050364074, 0.25974867106288413, 0.3796548555555065, 0.2495206302493895, -0.1408246672941505, -0.11033407711915375, 0.2538240834616251], [0.2368917539055245, -0.3181642635485835, -0.04729606779741509, -0.32972883899919947, -0.20123849008379127, 0.331401678926733, 0.13771436695632722, 0.5106311788536154], [0.10704408256606732, -0.4641111254013864, -0.03732336643712578, 0.3617464415538395, 0.3297973221095308, -0.682673769594993, 0.1089523659057881, -0.32509320517134127], [0.44048895827445395, 0.0599429951487403, -0.06645394782999643, 0.054223691321997655, -0.25513033675492847, -0.44449562714646407, 0.5787053423653998, 0.055047560476827406], [-0.6989659311193475, -0.3170616702540038, -0.4472632424047037, 0.38597962998322816, 0.3668037976458027, -0.16638184358498753, 0.19463188255629887, 0.05511250362215303], [0.19130871417019735, 0.612992680315816, -0.2396321028645611, -0.5888638309640394, -0.33865603978554637, -0.22840627706659283, -0.33361607826674333, 0.5161450920225382], [0.6220403827626757, 0.3668644412448554, 0.27383627753574663, 0.3317564130485801, -0.3906396597573112, -0.1972380835295515, -0.04655234810113537, 0.05587486402984425], [0.4983610997711642, -0.5721862203501633, -0.31854969206320083, -0.3077603011912824, 0.12829127770654405, -0.43691020890803656, 0.014698160867269494, 0.522952417501068], [0.08191429934041007, -0.10283315251108918, -0.4273685677007565, -0.5021323466062508, -0.19869024610467648, 0.22621906147045168, 0.02619254406339508, -0.5103522411288619], [0.4447594858672276, -0.006656248970425403, 0.32966887144360846, 0.31152067310937803, 0.5000060123710602, -0.3874087194279948, 0.049243802875731074, 0.5838661267559168], [-0.3121876862304137, 0.05238017995056392, 0.08281271589608097, 0.6031853838665854, 0.4197748272316645, 0.5107077134008411, 0.07785471856906898, -0.46664739008742917], [-0.03807874459230565, -0.32697440256735655, 0.21809484387746228, -0.6391638603156907, -0.18998606881352278, 0.37072545546422897, 0.5999803786545767, -0.4913224679211722], [0.47136129539133703, -0.730536950237806, 0.22441702358368498, 0.014872086922071079, -0.03765452658165293, -0.26419947271255273, -0.5380310855494734, -0.09783256170076576]], [[-0.3860469344063597, -0.35034498342987896, -0.7442111399385969, -0.3255721366874419, -0.09885609313953908, 0.18372565311867872, -0.3074741736565523, -0.3434041328030478, -0.13403215029187898, -0.052398999896691695, 0.024254975988677735, 0.23698763899439806, 0.7038426897550538, -0.03768025251570983, -0.1482642861905512, -0.10534652093760644], [0.48201200428967034, 0.2475634864021463, -0.625415114394628, -0.11427910150670649, -0.6526767155653386, -0.13145478302900881, 0.6615691403344574, 0.3368859300284518, -0.4818728260488229, 0.4005933926433245, -0.2985798501450352, 0.4323306337108651, 0.3867760069328824, -0.10658223473673362, -0.33723059217755164, -0.17114188890756052], [-0.1643035889176014, 0.039817200695410476, -0.40039196184493053, 0.12880416480784118, 0.1765823714251124, -0.39249326150359076, -0.05983553353310554, 0.5217290602831672, 0.19089352205444052, 0.20723877045083797, -0.10342038739586185, 0.580531557085596, -0.3173016763597578, -0.21451103663167964, 0.04115849129852288, 0.12282023847338779], [-0.364425549657254, 0.33611715415474663, 0.026629799898081355, -0.17667964698725136, -0.08817577528184278, 0.08062873329067188, 0.19910243716208287, -0.059865309012983564, 0.5190641230371092, -0.1299268292382914, -0.14796873726059, 0.7029901852240807, -0.21655329265651216, 0.1970377187983628, -0.06685429685793574, 0.35648587043232843], [0.1490743393734759, -0.6394110833270558, 0.32850664308554567, -0.10827597431628856, -0.6060093799832804, -0.5209824483950687, -0.20678653968809846, -0.5014277601778936, -0.7680695594618794, -0.17597114619479548, 0.6719415624920826, -0.1491702710308655, -0.42495240486661573, 0.038760190279708034, 0.39985617518521543, 0.038857171069047666], [-0.2936006800351071, 0.30595314149229885, 0.22783074415783594, -0.3840240527557476, 0.06426668890666545, 0.09793713782334282, -0.5934592097998261, 0.20092580985963113, 0.2858274789294051, -0.3375045767667153, 0.1262228376396328, -0.35163671251495754, -0.0653640210033127, 0.43561585501075406, 0.40085324456739063, -0.1908840365145206], [0.7108917939579324, -0.08710332793012296, 0.024514357760493835, 0.07473360083627872, -0.4106079831834904, 0.11286962955327871, 0.612876448172876, -0.2382505501348524, 0.07360099844985112, 0.08875964246576801, -0.0790051708756967, 0.11740686468297298, 0.022563030494979472, -0.2746663694397612, 0.1294996861612879, -0.1414359493186292], [0.2543560704614308, 0.26697357836147617, 0.48642428436631213, 0.24429717667359568, -0.18613985394776775, 0.22372800703926804, 0.008679211470226073, 0.38522489258920384, -0.19848540511523355, -0.0028190616407331587, 0.10776004980400149, 0.8873059066843954, 0.7090789213053714, -0.25191089523729976, 0.3697224552125532, 0.43626775886416264], [-0.2143415135963852, -0.04003944273407237, -0.2996450180039214, 0.20171039897339102, -0.20353224134212422, -0.08456618248888106, -0.39825716409013856, -0.42656329334945275, 0.02953654652464359, -0.29061549375034784, 0.4485196854898451, 0.02384236489104298, -0.23380961690811022, -0.3855716278520524, -0.13316549033238378, 0.14644172029565022], [0.005684425423123612, 0.34317465792253216, 0.46751828008878704, -0.12355916061072122, -0.4529179865448066, -0.04027657332498391, 0.057531793007136234, 0.441821215037609, 0.06356204235324654, 0.18355965631111973, -0.466759369369611, -0.3135747976767752, 0.1876906583674366, 0.48190229670754237, -0.3142352068516717, -0.30833922948925063], [0.1198925839129193, 0.27893814260259453, -0.11940628055137209, 0.12395646494058052, 0.10634527920016482, -0.2582076667349438, 0.6204897991681574, -0.34343639212985266, -0.37773661582301865, 0.4795852537679588, 0.43074104750719167, -0.5213919501757741, 0.5072870656734134, 0.027225410306048275, 0.4313410486363704, -0.32941841921608395], [0.10897270510367403, -0.07157365278498651, -0.6230340995872039, -0.22428558067322366, -0.08178917419846536, 0.018944530905149456, -0.03679025669963863, -0.5272523462465416, 0.6537270169205416, -0.10210759834067648, -0.008679974439549057, 0.004404792477348499, -0.35895880087525256, -0.16230546007341426, -0.18220708412104714, 0.02182196577640473], [0.09053501505144657, 0.13209849217387254, 0.3404843493610419, 0.4576305871949954, 0.1674065837526359, -0.42386891356464246, -0.4998882318886162, -0.5132059476546467, 0.2509168367044877, 0.5856814305463184, -0.34938924892536993, 0.1752864138331646, 0.20867657896472752, -0.02073963005453061, 0.13678761469745082, -0.08400957760809147], [-0.29906656621365024, 0.3401255890733723, 0.33117184101157204, 0.045575724571165904, -0.16380884196781545, -0.26756903770643986, 0.04220766003156451, 0.061160180224837754, 0.03963235498218297, -0.24552037599665635, 0.09323238520112614, 0.7249942761391331, 0.4446968347885546, -0.07310761816468467, 0.8460775105652186, 0.4958726599478144], [-0.4400617874779577, -0.06059087593899977, 0.23556743964498217, -0.1842601578288889, 0.23751445783357292, -0.10150604005308715, -0.3002155359048807, -0.5868581628153829, 0.057323910802045276, -0.17649653420872286, -0.7176701253602552, -0.39533563506599845, 0.47827684074819277,