{"topology": [1, 8, 16, 16, 8, 1], "weight_matrices": [[[0.3255593808069862], [-0.12017589931858874], [0.49196117855411803], [-0.060050138298658184], [0.49375532088372853], [0.06783594767049961], [-0.35169360032289215], [-0.128430607752902]], [[-0.14921269340260646, -0.48494304677968264, 0.26587658632668776, 0.46537918253125765, 0.40004624947964185, -0.4216383027408857, 0.02172121837273877, 0.3318453312847275], [0.4273907450439428, -0.06992398828217039, -0.23077999504026336, 0.39852960962426054, 0.35684109146108756, 0.2627117486969256, -0.1810046163346708, 0.16090489161349997], [-0.040348249172763806, 0.08138534956093058, 0.425325820228299, 0.27276730774971614, -0.10357517769279401, -0.46801599100249897, -0.03482680114366482, -0.03185179334794819], [-0.051245167065874786, -0.36854761114501344, -0.22656186655304428, 0.3555343743965472, 0.2886225156563129, -0.14568628620310603, -0.41522630908171404, 0.3011904378427428], [0.3901976833383414, 0.30852469900029944, -0.29593391320547907, 0.3027264914944048, -0.3729049413510061, 0.3866357457678691, -0.20177211283892243, -0.3322405937468047], [-0.2151784389414187, -0.4268517792763017, 0.13731125450052983, -0.13702616347037538, -0.20948005777839074, -0.4607425766152081, -0.2991501090692147, -0.365557590849197], [-0.13279006059417908, -0.11075797730097359, 0.47832209794182745, -0.3147889354611137, 0.49637220138805593, -0.255624552532309, -0.41120697679942153, -0.1970197507486685], [0.16311073761915362, 0.12758285745173925, -0.3501392808867123, 0.474780256969742, 0.09826106892117092, 0.16985813482482015, 0.4548631250742482, 0.2071582976137899], [0.33353091646746624, -0.4108343136815275, -0.25525676390129903, 0.4454230873474456, 0.02494335821300242, 0.19262030568615152, 0.21301065800644925, 0.15473347326992648], [0.2761318661901563, 0.26367380265760987, -0.26285209440731605, 0.04153937041291644, -0.2614671936527257, -0.31070110836947096, 0.28475994054173237, 0.10282888500438103], [-0.3108219661372187, -0.05498731331843826, 0.2522683115731621, -0.03543477446970816, 0.32190921584857757, -0.15476799872928848, -0.039106714247322705, 0.45085621886966065], [0.44109728835310236, -0.3974016151632995, 0.09187037092131656, -0.010590354722441464, 0.11670395507852949, 0.17026361137004875, -0.11910385507040755, 0.07453760748501648], [-0.4231407512646682, 0.262624146310497, 0.22793665366664173, 0.32130539684897674, -0.09959391717382826, -0.06738001539823985, -0.4412497391028954, -0.47410873547352733], [-0.31934684347488873, -0.2336085786877245, -0.3451068684483264, 0.2903633065248695, 0.1473188524463267, 0.2849746477398015, 0.3393396630122547, -0.04750475849765784], [0.2959261640544334, 0.23007298942498255, 0.4261924457443259, -0.45726459408230025, 0.042038747560938616, 0.25051833780281885, 0.4967265044592698, -0.1680688743062631], [-0.14622341407545264, 0.3089525995609259, -0.4916748763889275, -0.29885137240228565, -0.01609823904628177, -0.0745548633422562, -0.19033124641715155, 0.4951801438594713]], [[-0.12885810939794712, -0.10410136172192302, -0.1771803687437309, -0.4327414256868146, 0.21144310351664886, -0.4782913472988208, 0.22881352841227143, 0.09586051374984517, -0.11769715771507311, -0.23519692975529627, 0.03879119964110489, -0.23100561065080538, 0.033341352658241674, 0.15590919901688116, 0.4939571830415562, -0.42612111998732266], [-0.002935178286435358, -0.17952101415951777, -0.4282368775886583, 0.4900601089356793, -0.20303946085415842, -0.44357268560978685, 0.003984359575603391, 0.29365242462314, 0.11053746659052055, 0.30915883099303676, -0.15816632641969258, 0.29674216579554413, 0.4675765152243627, 0.09825239358977311, 0.3180810086804322, 0.18600823850686077], [-0.2358031732462476, -0.0693881208824142, -0.44364732689560954, -0.3347474836816431, -0.4862179646169889, -0.207356999706525, 0.06876621263378502, -0.02345158318373347, -0.08396789387490461, -0.07916340040112896, -0.40206166038036373, -0.19823898353620534, 0.4648042243235, -0.17712252064820383, 0.17433741099848665, 0.20113702990765514], [0.3048828065461797, -0.4624974420927334, 0.27261297229039083, -0.0835198813596228, 0.16724677290973033, 0.06260247480502279, 0.2263174761950386, 0.23352289430389273, 0.4339457640864076, 0.3297666854744351, 0.3345672391153297, -0.40628683999744375, -0.0008283324272200243, 0.05410023998770097, -0.1929159174078015, -0.23483773095163807], [0.058365525104206895, 0.05335142040790408, 0.4636683888384344, -0.1931708291658883, -0.3750208857470928, -0.10589594396226887, 0.28031166032095334, -0.005486099554797674, 0.3286722137380419, -0.06562384614330141, -0.26330552706179566, -0.0014551267106618915, 0.1853159234660522, 0.4850062662184256, 0.0755443583715869, -0.05494565099338006], [-0.31377404256141345, 0.10912250568718085, 0.50018054250057, -0.16666255779665423, 0.45973394062624273, 0.05180974133533578, 0.392009512179157, -0.4147574901031165, -0.11287486278390013, 0.2632326969169039, 0.2709427309893325, -0.38827952336475474, 0.24810969291532126, -0.07091697429626681, -0.10199083597060077, -0.4415382205715747], [0.4626499265448999, -0.3430831207347842, 0.11600472888618762, -0.34494756300884766, -0.4117949766854936, 0.2562283757461038, -0.43174298272830725, 0.36655533636286586, 0.12540337623208853, 0.3020711178179214, 0.228516341391943, 0.15828506728324054, 0.06393750308004298, -0.41752474299560716, 0.20655098366909164, 0.33349182062063387], [0.06963914411891414, 0.22699785485106694, 0.428593984319544, -0.02531545573044447, 0.3792239874746377, -0.24866540900393358, -0.08018154685471329, -0.33798854332423367, 0.005142371608814145, 0.27217032783119977, -0.09069051005225298, -0.04521870425711105, 0.42632734166860875, 0.19008028805087085, 0.0657007420701401, -0.41691535132543034], [0.16317210674718952, -0.2788918110984248, 0.13110027758765763, -0.17981623286000004, 0.1373985556257239, -0.2760397045969608, 0.14892301820045184, 0.018116594999592284, -0.09128212357840065, 0.3006772151420356, 0.39083246489024004, 0.38489149688720137, 0.4278508661209286, -0.343183813868109, 0.2756652776935604, -0.08005529279091783], [-0.29682815518502975, 0.046388132945382465, -0.37360120039571554, -0.4558791206431911, 0.30727743211260217, 0.046786630255505224, -0.21489249289657475, -0.1466428895832646, -0.146070163651423, 0.42360879067749657, -0.3735567448102419, -0.4064902443765831, 0.052163393763611565, -0.20713226597436696, -0.1976616093106603, 0.1050785866276448], [0.3327652740023844, -0.38534693366537404, -0.2539067676857194, -0.44468819421948896, 0.0826507805117862, 0.4288516583333487, 0.3327865581166598, 0.35083403983908523, -0.18016415402321345, 0.08323543433257663, -0.29993758784423663, -0.2282783266473144, 0.11304682727923265, 0.0015656583691540105, -0.44899469888556964, 0.09904507798203799], [-0.4542317721896088, 0.45233790710885957, 0.3976242263101307, -0.06794172794402059, -0.16109139994444183, -0.49617885990128846, -0.2667816634785073, -0.43389874135858475, 0.40998046715448355, -0.14396832294745465, -0.3263258252079038, -0.1297343647247275, 0.3366516107370189, 0.27304604067202953, -0.008990649631987424, -0.011500233286649175], [0.04650912859209477, -0.3676070198071655, -0.08198608181207273, -0.19717580114430644, 0.0631526223780261, -0.08922273989378232, 0.4128178157495723, 0.38586836978961647, -0.094235269367764, -0.40962585098406923, 0.13316982015131018, 0.36877322795225886, -0.18533143075144926, -0.28168571971626166, 0.260752955689022, -0.2618731700472816], [0.18486211205230907, 0.3397110975677945, -0.2593510892115319, -0.49479990074213037, -0.3046762476922773, 0.2016425448623792, -0.4419899983693256, 0.1723582322429239, -0.011414651329444303, 0.36743424388630375, 0.18168389249701256, 0.20928145524195418, 0.009387837183097325, -0.29749206537185247, -0.28505543354190765, -0.3699041108348775], [-0.4215404388547249, 0.3825413857495459, 0.4735298872378897, -0.42143596411193995, -0.4065223763992354, 0.4507903982223178, -0.3655014947309812, -0.487584078592599, -0.12463382041015214, 0.3185729882056193, -0.06367091082637011, 0.15589044494719828, 