{"topology": [1, 8, 8, 1], "weight_matrices": [[[-0.28790476855501695], [-0.3532647395810738], [-0.1033825378193361], [0.3124551533663974], [0.20818765782837156], [0.2047042317577218], [0.4430288907209716], [-0.09680781053275739]], [[0.149307810487196, -0.03384524174540576, 0.28355484778048423, 0.3412365998602752, 0.4306111837168758, -0.2671949581075982, 0.33231659009195136, -0.12078273464369904], [-0.24355127295443763, -0.05283070698470349, -0.35104540439722753, 0.4020336691405656, 0.3812720676910676, 0.021632733613002553, -0.31752793078791997, 0.11428806736402852], [-0.4893550356355039, -0.08659476752299355, 0.08275615664913638, 0.09647669620869714, -0.1553593178164286, -0.005081950477178576, -0.25140994608123024, 0.04209292290912381], [0.015478785691043107, -0.1359221686273301, -0.13685788386343, 0.28794217872901906, 0.3717198076851611, -0.17523732330130548, -0.2023118254285164, -0.057358879397568674], [0.03167671726072163, 0.46430159972728235, 0.34451766616338897, 0.34327253221583864, 0.11252699970919389, 0.4899996104152454, 0.314598549419408, -0.11926920178150524], [0.39414206755016723, 0.24434094434123144, 0.06523214456260618, 0.4698564022215239, -0.161037977341712, 0.13333602453384596, 0.47330582913561847, -0.16756884799955568], [0.02107031495003242, -0.023729420341970398, -0.14568572360171278, 0.2288803686294164, 0.03026584268528454, -0.1578930838678817, -0.051436594048476836, 0.10134849817731473], [-0.33107604887575975, -0.395366212494187, -0.025818988061839576, -0.04322374848675126, 0.19574578532882858, -0.32651594465134326, -0.15460117275921975, -0.1405257201162522]], [[0.4031082288416805, -0.3369994529504098, 0.12504206348593538, 0.12142242108576218, -0.006092659578145865, -0.04740432130527805, 0.31318894424592936, -0.4703934249655593]]]}