{"topology": [1, 8, 16, 16, 8, 1], "weight_matrices": [[[0.2593405914856769], [-0.05841678245862031], [-0.2963952400309643], [0.05390474665701139], [0.4967126423498691], [-0.021552429717195065], [0.4135223322107989], [-0.027949317784036865]], [[-0.20504040461154383, 0.12997689986109517, -0.4696005228551875, 0.4088331776735704, 0.2792704196141822, 0.24850017791198775, 0.1134811577755469, 0.2838479034406096], [0.12545640855741136, -0.11074801056019273, 0.178380029341217, 0.36346090875860537, -0.4702344612564005, -0.39415811686658414, 0.3534886385823114, -0.09394240882955912], [-0.48595062016943424, -0.2606316171215434, 0.24576777144147754, -0.2522229938224892, -0.014229477832168713, -0.4716360984873053, -0.047825753679421656, 0.18495360473418054], [-0.07051813651291128, -0.45470497220149964, 0.302868421754355, -0.13261884479759983, -0.12074606718451658, 0.15399651134110892, -0.06583159235053981, 0.14584181307705757], [-0.004456132839722848, 0.2523107460739753, 0.1277428641645998, -0.051602158235414475, -0.45866284906761234, 0.040177938470901675, 0.3071170313799251, -0.2680387592103505], [0.4181605048289586, -0.17195324940779594, 0.2914012883780722, 0.2305115494147021, 0.4054872321320101, 0.16544016425399632, -0.20298649290260423, 0.23652035884335354], [0.20368681993440718, 0.2946253817907376, 0.4575974383106213, -0.32913944981808074, -0.4067266241747909, -0.4772450712757264, 0.31892455956042876, -0.3304701325165277], [-0.16858210000845342, -0.3357414922440529, 0.3089429265255742, -0.41305727459901753, -0.22462296943160492, -0.375046650356055, -0.07771370896369029, 0.12083504704873793], [-0.15415984841065683, -0.36200618083731273, 0.20597204235905375, 0.28312681909331927, 0.05808113391661085, 0.002165605446482699, -0.45313358512974655, -0.4780287189464671], [0.12959863556954787, -0.0020218167279849597, -0.4725955535602569, 0.48264888624871194, -0.29632122652786885, -0.4682852674068669, 0.12805034002894755, 0.23355029883759326], [0.34520104829924514, -0.06501528073862162, 0.20268964317263183, 0.09795354576243187, 0.19906316655357825, -0.3853907783634503, -0.47018908808050214, 0.17775598600235065], [0.31749592435940965, 0.18027267146781334, 0.4705747180962906, 0.0017727741861518487, 0.0701944875708681, 0.3702267956583922, -0.22327539042815414, -0.23185139184521492], [0.1332766779220873, 0.44670170005412424, -0.12195734024560811, 0.2768884861446913, -0.3649970579314292, -0.10612294356216301, -0.34984990177576114, -0.1165192461467554], [0.4250409589397558, -0.07085753266847605, 0.2961506162703673, 0.17047221990085948, -0.1719730208348848, 0.3602846808442167, 0.19108689839111348, 0.2430324791335452], [0.29457116296691954, 0.4396184671155917, 0.22308683468631896, 0.09844885566715955, -0.061284830237990695, -0.1967620412652571, -0.3828250443930009, 0.3529666514877914], [0.3684415178067215, 0.35632146281484, 0.43287004174764543, -0.31104735636359326, -0.15901596003304364, -0.36673879215792404, 0.10789654092736989, -0.1660552017659928]], [[-0.2909289490067315, 0.018505526224201874, 0.14364571034513085, 0.385114750788781, -0.16729966587537692, -0.2590651809951685, -0.010945321187226575, -0.22652803487675055, 0.13967711142026085, -0.4557806761355804, -0.25816921612783217, -0.24996192618388746, 0.14733979422984034, 0.19168834092772447, -0.04571313090415813, -0.04893931202525548], [-0.21411164067220595, 0.4917637162717874, -0.37096261145877163, 0.13268661155727735, 0.09696967432514647, -0.07082776120793016, 0.4987414563327154, 0.04399805843035609, 0.23029393921150043, -0.010570343100078872, -0.3441175290078582, -0.23174409103266197, 0.4627228808362025, 0.33065791257511823, 0.45488843563997106, -0.4654255567364948], [0.05113024378107822, -0.17092798022119648, -0.20254276550118533, -0.23779700153225958, 0.3454853172146729, 0.27253018658857486, -0.03551570753141908, -0.3015558872839703, 0.3135293076891923, 0.05807709214113821, -0.06931754165520931, -0.004668824105378111, -0.41285289346402665, -0.4449746933718603, -0.2530021172122149, 0.22007204729550622], [-0.3587360679740424, 0.021880786623430404, 0.41959256052967064, -0.020645855721293294, -0.44308936008105687, 0.034329783297865846, -0.054173582787375885, -0.23691500618949163, 0.17878015215643595, 0.27024314626612356, -0.35129071189600036, 0.23616219630936963, -0.13952358420992456, -0.1336603065606486, -0.21715545808630743, -0.29278548793311765], [0.06154030543373523, 0.23817915129135891, -0.2680377988085574, 0.1280270341336458, -0.21458262802370487, 0.3305050468306132, 0.15328133073351735, -0.4142067723879578, -0.19817318604399525, -0.05390627339144022, -0.21574459782729266, 0.318729805321191, 0.39370581721878184, -0.22570293139903436, -0.19627504503676718, -0.3716782957951247], [0.15059853623203223, -0.4928891723605317, -0.3313322975682943, -0.22112525907840785, -0.013237184550563441, 0.47465909144415874, 0.3474370340189351, 0.2226285255821041, -0.3484159552146223, -0.3559389829455888, -0.16640401471380345, -0.08471179938790446, -0.2874828575732934, -0.3768434236291223, 0.2128959434808252, 0.05981120372016535], [-0.30438620062987654, 0.010393079721935039, -0.09175372218961075, 0.494938242131138, 0.12041222118902284, 0.07908604306986355, -0.3087327750912328, 0.37659921114947703, -0.3561155371343036, -0.3126180999537803, -0.44767127443233395, -0.3933849966243982, 0.13561680461818293, -0.12979622564286875, 0.17970363784687715, -0.20759680351856075], [0.2702451109036337, 0.118957340028089, 0.10722593523859703, -0.25598897896571404, -0.13012961668079676, -0.1399077008684591, -0.11611929578034152, -0.19252997350325607, 0.10073410613729039, -0.3899398692558106, 0.16971914205023964, -0.09427918231914073, -0.31749754374503697, -0.3038611067911028, 0.4003531999743706, -0.37233596315594486], [-0.4072907109426669, 0.3115146245421603, -0.10824191816625794, 0.47306946513351766, -0.4479021177434211, -0.03345070690716018, 0.27174130343541025, -0.16282828291230012, -0.23082860178661657, 0.23478164347087993, 0.1609619833868472, 0.2803875373885656, 0.06300935662847618, -0.20171749090328606, -0.10489157007858202, 0.2172666041589466], [-0.24719744681717631, -0.3380893169982586, 0.2923453027894707, 0.2153265350014486, 0.34011431892571253, 0.3958545078188406, -0.26297356352466517, 0.26900767161468897, -0.07373782419776037, 0.15346624994007807, 0.1306537931848476, 0.478503556350812, 0.2771476608499801, -0.016568220570650327, -0.16003783782315223, -0.046337699068263294], [-0.10131802141828256, 0.185151021073506, -0.3441337964793745, -0.02576549704139358, 0.3158341802712342, -0.24979003851841153, 0.03918600420780527, -0.10205417141633666, -0.1459618591302526, 0.30914417509705117, 0.38422685483416064, -0.26351311517855364, 0.4088275224599923, 0.41525424643481634, 0.3526957007061341, -0.06594080673974057], [-0.08879656004021974, -0.31067763825256944, 0.36797376280068994, -0.36616363133919017, -0.04537672526755432, -0.09223123003768141, -0.04942582274215884, 0.27883921313157467, 0.20125952504269584, 0.35826123370172813, 0.4512636548508001, -0.4043633581270203, -0.3791206487099647, 0.38425868615015013, 0.0038171640305082466, -0.09217582324071671], [0.46838143492938844, -0.1784452859621543, 0.02933699152115965, 0.036315158962023975, -0.19220543712353638, 0.24660798024489905, 0.17937393038804617, 0.11012982979422015, 0.4520293169768067, 0.063592120782622, 0.4724069138124246, 0.4002044061896557, 0.00940456413543267, 0.4713648525464159, -0.0356540534188578, 0.0015416015753362267], [-0.46379772462227975, 0.25136071816387806, -0.010795450295369324, -0.04385603665914933, 0.06652003363233239, 0.32106876707545295, -0.1983771653562253, 0.21734475692031074, 0.1931187173120542, -0.34027924068915416, 0.10570095404662849, -0.20053287848260432, -0.009670750658892613, -0.4985302902408306, 0.3671555126003264, 0.3862002149932493], [-0.05599027738290696, 0.3859543585728994, 0.4023395696975939, -0.2764606926074223, 0.419976305854434, -0.4422164138963868, 0.14743313733409624, -0.3676434217608243, 0.2676255004790751, 0.3443766874728603, -0.3790508059385804, 