{"topology": [2, 16, 16, 16, 1], "weight_matrices": [[[-0.10598402202028206, -0.2996868479076833], [0.0615633936276454, 0.006546512057755471], [0.25333407213173587, 0.470023582479294], [0.46309114127268547, 0.01704898851110115], [-0.11815651533138793, -0.22325558969443315], [0.1102543881866157, -0.39327681608838455], [0.1759630742171746, -0.35838526925530656], [-0.15568540386795193, 0.33250117657945266], [0.11139967379425553, -0.15732759064050078], [-0.22257703258015432, -0.28764934961779], [0.2027705500371496, 0.12945860347205262], [-0.0007668245436587284, -0.21701579269391452], [0.19553329126501307, -0.4291809203257575], [-0.4539630161211751, 0.18900913734949987], [0.007350737081294967, 0.19840470597362914], [-0.1267843933453477, -0.38313019463909836]], [[-0.237870838595503, 0.13590149914294636, -0.3552035037509529, 0.13492840166149034, 0.4308392607826972, 0.01911791373757865, -0.12521349660633874, 0.2195420465544392, 0.29636583479975576, 0.36760840182542, -0.01668524540498062, 0.06950956742274306, -0.0070617335650813295, 0.005078701617518999, 0.28226077649154335, -0.37460644319144853], [-0.35057143332959295, -0.47734615124764734, -0.3013234391092878, 0.24877380215007205, 0.150261735684037, 0.1861427691980796, -0.48087719176318194, 0.3693363871913228, 0.35063424669146015, 0.22629141786579232, -0.7125346697202692, -0.039396190251645535, -0.21026051851846428, -1.1235626410061297, 0.1371642737746408, 0.18557340725914462], [-0.46586179491897395, -0.07912115731375557, -0.44714519618794923, -0.4754973908351586, 0.285751943009947, 0.4808233461593216, 0.3399289361329406, -0.20985423179091356, -0.3507639000590492, 0.4349832474500185, -0.37267803893173124, 0.033771177158857135, 0.32566451351640635, -0.2314178043192187, -0.2608447497441797, 0.33964343167221633], [-0.3575967906523044, -0.056619890526345806, 0.349332077410096, 0.007017779686222303, -0.16467810843079345, -0.013993521582931323, 0.045859796389887464, -0.46534072139174787, 0.1317532232896791, 0.4125187418741308, -0.4359084062767529, -0.0018482432762879641, -0.2801765867836974, -0.9511277002885354, 0.2485501122945466, 0.4403836731106159], [1.5038182244138596, -0.19177120184266655, 0.22861386271385076, 0.23367065396296616, 0.28393956842907053, 0.43622206699605404, -0.31785654254288165, 0.4427400059060751, 0.21909373130991705, -0.15097116099816427, -0.2711245719799896, 0.6252077593602556, 0.200108880626228, 0.2480158117151705, -0.41192670451272184, -0.22797461802862024], [-0.221867454578264, 0.40689364613483703, -0.3490678539671055, -0.5004247238046879, 0.19061376977146094, 0.06723164198539955, -0.15602382987558405, 0.20553637657401436, -0.39071339492822577, 0.18345191034703967, -0.4557595539572345, 0.22415503565409423, 0.2906742920896972, 0.254128403545708, 0.244716405761768, 0.4371701715137033], [-0.45041018856038206, -0.2892957943125366, 0.12157312316062308, 0.08617045267200074, -0.07513649082991986, -0.03281681994122809, 0.47832382293691555, -0.4267288431441637, -0.37659793465687874, -0.19253691312302074, 0.11708808392407588, 0.3577262401487967, 0.242374405355, 0.2563937431815049, -0.1170849900914187, -0.48140470835499843], [-0.2860577927351236, -0.2648887930300067, -0.3782296274146833, -1.2307288911697207, -0.040368499725451035, 0.06348157310306979, -0.378893748244239, -0.4653681067277162, 0.3064949132187774, 0.2888554544998737, -0.33053583467172776, 0.44340903528000686, 0.19857627385403664, 0.3191973831059257, 0.22047938265649902, 0.4434824117855968], [0.03196077358870131, 0.2428332304605979, 0.007512213355259423, -0.2521042937399671, 0.08005320095200641, -0.3923961315615954, -0.3190903317226273, -0.40747046828895855, 0.04616309605936164, -0.336219859817517, 0.16534911288347465, -0.3390332257887333, 0.1307808190713411, -0.041885776284661835, -0.30155731201101166, -0.2383502840831206], [0.3290888205320006, 0.1960848491647651, -0.22121783380023802, 0.21297797578009847, 0.1912329993422962, -0.3870756677230372, 0.10681536845382211, 0.4290302377866868, 0.4646353346999852, 0.445151437777222, -0.09265904504421446, -0.07744722855737296, 0.22946578298759968, 0.045169951461857094, -0.27987973719631, 0.7184636865132259], [0.04522684645668151, -0.4589481166733415, -0.07239115864304257, -0.1296480301933261, 0.27398906521006605, -0.37913550576010446, -0.19224974582173376, 0.36253973533229056, 0.08458450464376444, 0.0352814809947547, -0.10014862534092384, -0.28741413082885436, -0.34934926104049235, -0.3573935408486564, 0.3864994263764058, 0.2099336407676139], [-0.14466677630513486, -0.4230508156736731, 0.0039023725112747876, -0.09131942689179628, -0.7216659925720766, -0.4067980240660232, 0.40782918660043177, 0.4103257136316908, -1.15609912624193, -0.9841163067760486, -0.47519554155458205, 0.3663418701722013, -0.08213057091433779, -0.3079569996594329, 0.43983035459555775, -0.3320491400320106], [-0.12364917218975191, -0.013615955125111823, 0.2587065276601481, 0.11302959612069285, -0.3416939560360206, -0.008114777894711489, 0.07645777592363556, 0.15777221461679258, -0.3239668988920649, -0.2283075398804873, 0.130024756799886, -0.03553683510874589, -0.4327384906290632, 0.1943075448424334, 0.1410522440367361, 0.41481285555345204], [-0.28006388752397043, 0.3003275043010709, 0.15885919748731014, 0.045232672547065866, 0.054514364908084034, -0.0034124729743577054, -0.47145446230405963, 0.16577620161337803, 0.05155655544203197, 0.1017902178940907, 0.4229890264702866, 0.2687854914399792, -0.11146364462782532, -0.005901196526362118, 0.4883515159853722, 0.026075931210974734], [-0.45079982749123465, 0.44767204147948336, -0.156319583617351, -0.2285081527128875, 0.4697970157784558, 0.48031713305451196, 0.08623338484993959, 0.42996569523290173, 0.22305393213335722, 0.275647859930662, 0.027200730667912953, 0.10433970164274053, -0.04150466876662112, 0.2542315425283982, -0.5782305093912675, 0.24257742318025233], [-0.09547913532196284, -0.2143320805188902, 0.46838219591882757, -0.2374224247681171, 0.2903047842939511, -0.2353572849894794, -0.10586115750695446, 0.46344344046031405, 0.08943714643346257, -0.30269257863383436, 0.37149798031959924, -0.4015029618808111, 0.29986800325671026, -0.18381001684607107, 0.44121333554242603, 0.20914423095983536]], [[-0.33194410987414924, -0.21744865386515744, 0.2145901620176781, 0.3641634391420957, 0.043451891851782776, -0.4252436652517243, 0.05283222793269893, -0.09979519347493099, -0.3342574555984876, -0.4348508865324011, 0.12501470981530338, 0.04164528649169719, -0.18161012812180377, 0.09346495191595117, -0.13605501260925018, 0.16417836875663316], [-0.17364030819694426, 0.022378532625449976, -0.20811526839208921, -0.26878883316609026, -0.08382308716385439, -0.15032805287799622, 0.2752086908247806, 0.4448430033389833, -0.4133033142820435, -0.2966549174128934, 0.2714280953807464, -0.20636901379121841, 0.2948162906587628, -0.25823341999209687, 0.054449142431249875, -0.20022949158779868], [-0.11472715065715111, 0.26629588134188353, -0.48518679994487357, 0.2547675841532804, 0.21639030897549028, 0.4673260750623486, 0.4386842159226384, 0.10508843513017474, 0.4835727561660048, -0.39827789823760384, -0.29137924724955266, -0.33661750605470103, -0.28505263664959496, 0.14396612881947413, 0.30774448995010195, 0.32768332643976117], [0.42153905148538284, -0.02052094046513442, -0.30672198910286974, -0.433769119686947, -0.37876659903159626, -0.24707293803313307, -0.10820786901403284, -0.12081873884225325, -0.2641731129472614, -0.4511950917626537, -0.37434190594891337, 0.23476050717222896, -0.2575570497091341, 0.3946405509730667, -0.4960898125412338, -0.3482703035705564], [0.1972474738074126, 0.4868296255840193, 0.004575704980348871, -0.46303518500113744, 0.43572693886872693, -0.42741444881449336, -0.448729001169099, 0.4776864175690241, -0.3258401405807607, 0.2613811173969208, -0.4240740938761818, 0.26062903645736624, -0.41150398757109713, -0.37386243730981655, -0.04010472208836391, -0.11879146043201755], [0.11211210309269437, -0.2169785855122116, 0.21308153099604887, 0.29119134933467883, -0.24102223656148403,