{"topology": [2, 16, 16, 16, 3], "weight_matrices": [[[-0.42434197170541144, -0.10449435319385164], [-0.4602205729934424, 0.19999814841155195], [0.2068121490957333, -0.48652030150512265], [0.05453404669213391, -0.08405461375356826], [-0.0010787431405058778, 0.23687567111005559], [0.3924641053891049, 0.29756547568416225], [0.20984030920517105, 0.21548248105083512], [-0.3570999929381363, 0.22914799273858066], [-0.46247955567180465, -0.40060956608118], [-0.03910116013094578, 0.010457265692312867], [0.460669103181934, -0.024587881791262034], [0.4047353429622663, -0.35558411851987537], [-0.24182324286840662, -0.346536166691382], [-0.28648359040047483, -0.03370830527852542], [0.23925929775028976, -0.2979797388245083], [0.32406557446878137, -0.36621130782603567]], [[-0.2837468084526344, -0.40679953790769713, -0.3933421475363359, 0.4357242249239034, -0.24752949684718684, -0.32435606240109427, -0.07176967810577617, -0.40643268280173117, 0.23803310375274778, 0.09027541996140587, -0.2800440032195315, 0.17390119460526687, 0.15611934921456994, -0.2977611830812936, -0.34419816867711617, -0.4994822862097742], [-0.20953338160281726, 0.29730069620284194, 0.26106326631792065, 0.26850238499636325, -0.1434507386666855, 0.11727551462283858, 0.5834726472098434, 0.9647742396817495, -0.40621309841729636, -0.09152805235094608, 0.2861776463800776, 0.3035752121563552, -0.3670929842794646, -0.44407473903808975, 0.10474200449377669, 0.14517557874993514], [-0.0562355592942238, 0.09447930657209413, -0.2861844795518579, -0.27931367960217146, -0.03149732376623576, -0.24087465872360886, -0.3849849912506875, -0.24653170724335055, -0.0693663154660204, -0.29074500585477137, 0.14822721318978593, 0.3693525763723855, 0.21734498406787028, -0.4340642062886356, 0.1374309026421755, 0.4658944600141388], [0.16446297271038735, 0.1031920937430344, 0.34446941043387413, -0.21329395861164258, -0.4470168613353867, 0.06652870715307002, -0.22678822128520942, -0.526931286008074, -0.010042797636472811, 0.3614410892477691, -0.0983390578238893, -0.1749654877141385, 0.32221185490622195, -0.17691197041280315, -0.49990716642598204, -0.06296296970617848], [0.30808632176132067, 0.3309099291395067, 0.3741650681069745, -0.430406233956943, 0.11835068587958963, 0.08120284986860915, -0.18319395706073388, 0.10862931625086203, -0.25980508939374136, -0.3116360280753254, 0.3625100127475953, -0.49738313902119285, -0.37017102791672396, 0.24636502236797342, 0.4415080983061819, 0.3774009795268356], [-0.24712366609890346, -0.3012370119451102, 0.491498369438808, -0.00991626779630339, -0.2698594062571699, -0.26478742948528483, 0.15392704064300855, 0.18165796719748706, -0.048073825252477165, 0.37273203486284123, 0.11567966798487095, -0.4354609237110126, -0.152327092602761, -0.6401497829158432, 0.12214330012609986, 0.28258027508846206], [-0.24294424743015902, -0.4647747971943297, 0.10733019170951463, -0.15268930501553996, 0.37694996182489904, -0.21223600172593038, 0.1125657730950278, -0.0608352304304251, -0.34724064264922155, 0.10740373556964011, 0.417385453558876, 0.11900345078284102, 0.6760997082052068, 0.3066585726564638, -0.39452417454638156, 0.09285056250915358], [-0.38770929362838275, -0.3545802814734149, 0.2618590948396994, -0.2458239899574689, -0.44066040394495554, -0.3060372794372489, 0.12616031469904115, 0.46096586473739654, 0.17890547821884628, -0.10518817568229483, -0.13385997043436637, -0.418880845845614, 0.2861783488380243, -1.093580618107456, -0.062423612077373625, -0.2855367799660146], [0.26673015795048516, -0.21697874881508944, -0.18157489755303524, 0.3912437494152704, 0.3967836710177075, 0.27342696800597766, -0.20971316080931884, -0.3658637467356995, 0.28353407740862957, -0.2998321365321972, 0.44529640825984895, 0.49666370026682527, -0.12676108129016084, 0.12548304825073064, -0.17857328816169715, -0.24382257387484685], [0.16961887384175578, -0.12932325302417247, -0.4996586429956111, -0.4302799378670773, -0.5009054436372075, 0.2670024848826523, -0.6148831559739274, -0.9746358460553862, 0.4204926398863984, 0.4155486070407418, 0.27418909867456664, 0.030065005683298618, 0.491978655653567, 0.019004793366589556, -0.19183223642767389, -0.07857899310090954], [-0.22394582849397998, 0.21133550274966595, -0.41505971784807727, -1.0411677950728242, 0.2082012201120248, 0.30123569133449124, 0.4008631612984159, -0.16929610388617328, -0.3705939301660664, 0.6455074492142152, -0.4172302295671383, -0.03090260260508526, 0.4872929358222645, -0.4502865197787316, -0.03720844071736673, -0.4941048429950119], [0.4850884137351271, 0.2487614268544288, -0.36549096910194595, -0.2101045725239078, -0.1316844601144993, 0.2760755144393461, -0.27667617591114424, -0.47935697088830925, 0.061093245232258675, -0.33958081537297274, 0.319088070709319, 0.012805102583383299, 0.2894165795097813, -0.2762399958699355, 0.2632666722075643, -0.0018663943034518127], [-0.4139521411251024, 0.2374401452720143, -0.0583292113675834, 0.3728911641225774, 0.05771570334022513, 0.3689094219165667, -0.3061272127449255, -0.06027182165537098, -0.16314225511756292, -0.21457526133453564, 0.16068526235421055, 0.4851089811169629, -0.40910263322116763, -0.3078361933911547, 0.3702669349795781, -0.20359026025808014], [0.06717707006889084, 0.3696435814080107, 0.4555066612764449, -0.08544256005091067, 0.13287575436047339, -0.2729653362477318, -0.2618733689717664, 0.4555176983109548, -0.014147371363016414, -0.021219804680203902, 0.10240734448821542, 0.37367503217706166, -0.30292969058808, -0.44027453606550093, 0.1959644098640394, -0.06049707556771733], [-0.031440181315007254, 0.1578760941653743, -0.26297027278628704, 1.1011351820994697, -0.3629048881418477, 0.40689022908814065, 0.12968280449413727, 0.10146192597592008, -0.1977869290169561, -0.335991668595064, 0.38875366463970296, 0.017961594466635145, 0.47734367163360836, -0.5565944190832374, 0.2848811390487773, 0.17181730837092712], [0.24520724169074493, 0.4376135035807204, -0.23328653575501557, 0.113665210374012, -0.3538740644219134, 0.24408809112443064, 0.2295959661198056, 0.16039034029666377, 0.33129655081975806, -0.34971657819546575, -0.36024324141801306, -0.43161982373286933, 0.3860739381676698, 0.488400389147163, 0.43402326051770257, 0.10599668060880563]], [[-0.1759935800084233, 0.1378683207448136, -0.2630421666894458, 0.3535422457130174, -0.21955815725766065, -0.40329754110559524, -0.3588015221694272, 0.10186411028555731, -0.4903378355586475, 0.11157652101885795, 0.06775918582621654, 0.08662973543716013, -0.3930693696046874, -0.29969623328587947, -0.09942267503824004, 0.18829729004550844], [-0.49183738365162066, 0.37943153740467117, -0.38927306731425837, 0.4562973081662351, -0.09823366339121903, 0.34817305185546554, 0.4210407372155044, 0.46185989915717107, 0.21664989117020095, 0.15771363596437238, 0.0823297671243366, 0.44476449078919644, 0.2072614964008036, 0.052070663387114635, 0.037022623190964166, -0.2579225906650049], [0.13917899372889397, 0.05256023170384694, 0.12255130295044614, -0.14798167926864947, -0.44619763962090486, -0.711167534496171, 0.006189695408622686, 0.6834849471469888, 0.01811387886795901, 0.3806705721699519, 0.30215400783902724, -0.11494440241980008, -0.1147233995621259, 0.3666232298502178, 0.2979106628805326, -0.040904523698019835], [-0.2671503529977114, 0.4370516271896262, 0.2968196715534498, -0.22149368961543003, 0.35504763170539433, -0.18880736452537927, -0.4113935278851164, -0.23846698565107427, -0.2695214023884269, -0.06507607380513192, -0.3870158015313495, -0.3923747952053162, 0.42719433072626256, -0.3105588512547339, 0.06051166938836372, -0.3802048966767846], [0.13106262613263375, -0.5504716483993475, 0.4298091265525462, -0.41217831307737757, 0.10124382547221034, 0.3782630626621882, 0.152097310797506, 0.49518885446536676, -0.32472414863937893, -0.16237201956552133, 0.21221862207972775, 0.23112933403707736, -0.39756412596228663, 0.39982368042152616, 0.49296956525369895, 0.44052427447123377], [0.29710117209479525, 0.18423371340694894, -0.33093750935183386, 0.33480197392046074, 0.04893735961983303, 